{
    "loss": 18.92570686340332,
    "accuracy": 0.690077006816864
}